{
    "id": "cr3bp",
    "integrator": "gauss6",
    "psi0": [[-0.7368062997280773, 0, 0], [0, -0.7368062997280773, 0]],
    "params": {
        "mu": 0.0002
    },
    "time": [0, 2400],
    "step": [200000, 10]
}
