{
    "id": "cr3bp",
    "integrator": "gauss6",
    "psi0": [[0.21715340932759256, 0, 0], [0, 2.4972642072673144, 0]],
    "params": {
        "mu": 0.0004
    },
    "time": [0, 2400],
    "step": [200000, 10]
}
