{
    "id": "cr3bp",
    "integrator": "gauss6",
    "psi0": [[0.08675968491073321, 0, 0], [0, 4.468123772902761, 0]],
    "params": {
        "mu": 0.001
    },
    "time": [0, 4800],
    "step": [480000, 10]
}
