{
    "id": "cr3bp",
    "integrator": "3j[3j[[euler10+euler11],2],4]",
    "params": {
        "mu": 0.01227747084100675260
    },
    "psi0": [[0.87978, 0, 0], [0, -0.3797, 0]],
    "time": [0, 19.14045706162071],
    "step": [2000, 1]
}
