{
    "id": "cr3bp",
    "integrator": "su[su[[euler10+euler11],2],4]",
    "params": {
        "mu": 0.01227747084100675260
    },
    "psi0": [[0.994, 0, 0], [0, -2.0015851063790825224, 0]],
    "time": [0, 17.06521656015796],
    "step": [15000, 1]
}
